Id,jogos,familia,cozinha,saude,noticias,entretenimento,horario,retorno
0,0.24327063125168857,0.05518345127451921,0.13497230270272986,0.30902909677451673,0.25754451799654554,0.0,tarde,False
1,0.32108385737231276,0.0,0.0,0.13876240190046815,0.04867974875272306,0.49147399197449587,madrugada,True
2,0.24126767838472468,0.03857397311148758,0.14071556264066054,0.10578296928266538,0.47365981658046186,0.0,jantar,True
3,0.17097037600881435,0.0,0.0,0.35694968353331513,0.47207994045787055,0.0,manhã,False
4,0.4268340608286501,0.0,0.008605024327678562,0.0,0.2882436583690997,0.27631725647457167,almoço,True
5,0.22473772179894,0.5484917399749408,0.0,0.0,0.0,0.22677053822611928,madrugada,True
6,0.5057366650363679,0.4942633349636322,0.0,0.0,0.0,0.0,tarde,True
7,0.0,0.7150239651218797,0.0,0.0,0.0,0.28497603487812034,noite,False
8,0.0,0.0,0.0,1.0,0.0,0.0,tarde,False
9,0.0,0.5372138392837493,0.08342590144109985,0.3793602592751508,0.0,0.0,noite,False
10,0.0,0.0,0.0,0.0,1.0,0.0,noite,True
11,0.0,0.3371080102926725,0.0,0.03783898110096507,0.5310970025408567,0.0939560060655057,manhã,False
12,0.7390344453380483,0.0,0.26096555466195176,0.0,0.0,0.0,noite,True
13,0.0,0.03947926313299185,0.0,0.6332012679662468,0.32731946890076136,0.0,almoço,False
14,0.26493741501175355,0.33750461080475463,0.20984535668999238,0.0,0.0,0.18771261749349943,jantar,False
15,0.0,0.3522593279611413,0.06001644211753769,0.28142795041477275,0.10269041171503628,0.203605867791512,tarde,False
16,0.0024950014648199674,0.42435625764418894,0.03015668879310138,0.09552019727425877,0.4474718548236309,0.0,madrugada,False
17,0.0,0.3327808971646972,0.0,0.6672191028353028,0.0,0.0,almoço,False
18,0.23777818864113862,0.18307058690065067,0.23092988799227715,0.11203544085362896,0.0,0.2361858956123046,noite,True
19,0.0,0.24420504017215608,0.2882695010658686,0.0,0.18687778936004154,0.2806476694019338,almoço,True
20,0.1881140431352812,0.0,0.1490408703016225,0.6628450865630963,0.0,0.0,almoço,False
21,0.0,0.5331949323818795,0.19384155541768203,0.11748274887834761,0.0,0.1554807633220908,manhã,False
22,0.0,0.024773664307434256,0.0,0.5264667754470238,0.4487595602455419,0.0,noite,True
23,0.24189475489318774,0.0,0.0,0.2683958238109436,0.10181000225816038,0.3878994190377083,almoço,True
24,0.5361839159053343,0.21249850834416614,0.0,0.25131757575049934,0.0,0.0,madrugada,True
25,0.0,1.0,0.0,0.0,0.0,0.0,tarde,False
26,0.36864332424858537,0.0,0.0,0.0,0.0,0.6313566757514146,manhã,True
27,0.5046527037739326,0.046536762583564976,0.0,0.44881053364250245,0.0,0.0,almoço,True
28,0.32988095141978996,0.08800564686195858,0.25569542688879243,0.08850130028175361,0.23791667454770535,0.0,tarde,True
29,0.0,0.9749966854818529,0.0,0.0,0.0,0.025003314518147163,tarde,False
30,0.0,0.0,0.0,0.0,1.0,0.0,noite,True
31,0.0,0.028012148887029097,0.0,0.828584087165922,0.0,0.14340376394704887,almoço,False
32,0.0,0.0,0.24699505950161682,0.0,0.36429764118676494,0.3887072993116183,noite,True
33,0.4116773951557425,0.2543496676632875,0.0,0.0,0.20927213147662174,0.12470080570434837,tarde,True
34,0.6957526922606042,0.0,0.0,0.0,0.3042473077393958,0.0,almoço,True
35,0.45198766936700274,0.15752806452694806,0.3904842661060492,0.0,0.0,0.0,madrugada,True
36,0.0,0.14370187038661095,0.856298129613389,0.0,0.0,0.0,noite,False
37,0.0,0.5158190075507835,0.0,0.06777361298734375,0.1676680235603254,0.24873935590154742,noite,True
38,0.0,0.0,0.0,0.0,0.0,1.0,jantar,True
39,0.0,0.2312024024904217,0.44230575626703145,0.0,0.12615499502967376,0.20033684621287304,madrugada,False
40,0.16666666666666666,0.16666666666666666,0.16666666666666666,0.16666666666666666,0.16666666666666666,0.16666666666666666,madrugada,True
41,0.4185707491082109,0.3921586257207625,0.0,0.0,0.18927062517102664,0.0,manhã,True
42,0.09288663105425911,0.0,0.4525063290433671,0.4546070399023739,0.0,0.0,tarde,False
43,0.0,1.0,0.0,0.0,0.0,0.0,tarde,False
44,0.0,0.21010607025937797,0.58307819917838,0.09841167138971872,0.0,0.10840405917252327,noite,False
45,0.14536932234611996,0.0,0.7125228683969811,0.14210780925689892,0.0,0.0,tarde,False
46,0.1379780804694142,0.0,0.0,0.576930645169428,0.0,0.2850912743611577,tarde,False
47,0.0,0.42176761537864693,0.07860732787506237,0.16714035886897577,0.0,0.332484697877315,almoço,False
48,0.16058785756698246,0.30306638420936205,0.0,0.0,0.5363457582236555,0.0,jantar,True
49,0.0,0.5196918557622238,0.04467169995009012,0.2664777740599997,0.0,0.16915867022768638,almoço,False
50,0.0,0.7133236666412036,0.0,0.0,0.2866763333587963,0.0,almoço,False
51,0.0,0.0,0.3916265939742443,0.0,0.0,0.6083734060257557,tarde,True
52,0.0,0.0,0.0,1.0,0.0,0.0,tarde,False
53,0.0,0.0,0.0,0.0,1.0,0.0,tarde,True
54,0.0,0.0,0.0,0.7052295700692416,0.0,0.2947704299307584,almoço,False
55,0.351326920060118,0.0,0.36358247919830455,0.0,0.0,0.2850906007415773,madrugada,True
56,0.0,0.14184813452540732,0.0,0.5220363590020035,0.33611550647258903,0.0,madrugada,False
57,0.0,0.0,0.0,0.0,0.0,1.0,almoço,True
58,0.2523311069191474,0.15250720417246968,0.0,0.0,0.595161688908383,0.0,jantar,False
59,0.0,0.0,0.0,0.0,0.0,1.0,noite,True
60,0.32715086938544136,0.0017662495752327177,0.4364691608018112,0.15923645445298254,0.0,0.07537726578453216,madrugada,True
61,0.0,0.0,0.0,0.0,1.0,0.0,madrugada,True
62,0.41494877768940164,0.0,0.024402470552314943,0.24347594420866076,0.31717280754962274,0.0,almoço,True
63,0.0,0.6944434833795067,0.0,0.3055565166204932,0.0,0.0,tarde,False
64,0.02087017446367931,0.0,0.0,0.0,0.8904057005748576,0.08872412496146308,almoço,True
65,1.0,0.0,0.0,0.0,0.0,0.0,manhã,True
66,0.19867828667716894,0.26425672180508414,0.33963075074264304,0.19743424077510377,0.0,0.0,almoço,False
67,0.3259784246488829,0.15149256431502345,0.0,0.15114772375180913,0.34632664635093763,0.025054640933346962,almoço,False
68,0.0,0.0,0.0,1.0,0.0,0.0,manhã,False
69,0.28084397579143244,0.11094572729602284,0.060104284791381246,0.02302574844590575,0.24636473721373564,0.27871552646152215,jantar,True
70,0.5374710920710921,0.33666182477596823,0.0,0.07154016856385338,0.0,0.05432691458908627,almoço,True
71,0.7774811356372162,0.0,0.0,0.22251886436278392,0.0,0.0,manhã,True
72,0.37986960778236606,0.12103526082013183,0.0,0.13762314505254952,0.3591582924968384,0.0023136938481142216,madrugada,False
73,0.7460175540995412,0.07292784320181085,0.0,0.0,0.0,0.18105460269864787,manhã,True
74,0.6569164326276884,0.0,0.34308356737231155,0.0,0.0,0.0,madrugada,True
75,0.0,0.20911771279652044,0.11807255171764686,0.07115394304641619,0.08640175846560735,0.5152540339738091,manhã,True
76,0.0,0.0,1.0,0.0,0.0,0.0,jantar,False
77,0.0,0.06991247625639627,0.0,0.9300875237436036,0.0,0.0,manhã,False
78,0.0,1.0,0.0,0.0,0.0,0.0,noite,False
79,0.30630139109645393,0.17516198241973746,0.23236517859909472,0.0,0.19880117528217167,0.08737027260254229,tarde,True
80,0.28962759447258285,0.3865071200817605,0.0,0.0,0.3238652854456566,0.0,noite,True
81,0.6617181408910914,0.24186263732866972,0.0,0.09641922178023885,0.0,0.0,almoço,True
82,0.2159736540560449,0.2547873660200914,0.5292389799238637,0.0,0.0,0.0,jantar,False
83,0.0,0.0,0.2587639731729788,0.0,0.7412360268270213,0.0,madrugada,True
84,0.0,0.0,0.0,0.0,0.0,1.0,madrugada,True
85,0.3660034454852294,0.5621176332260734,0.0,0.0,0.0,0.07187892128869723,jantar,True
86,0.1395480065762459,0.2932530122814121,0.0795496992165556,0.48764928192578644,0.0,0.0,jantar,False
87,0.0,0.0,0.09343897424113339,0.0,0.36151078823195987,0.5450502375269068,almoço,True
88,0.0,0.3381441438714591,0.0,0.15712538948222454,0.47934923388788964,0.025381232758426724,manhã,False
89,0.16666666666666666,0.16666666666666666,0.16666666666666666,0.16666666666666666,0.16666666666666666,0.16666666666666666,almoço,False
90,0.12327479795201045,0.0,0.0,0.8767252020479895,0.0,0.0,manhã,False
91,0.4278856456795527,0.0,0.46883343508918646,0.0,0.06505551704458053,0.03822540218668056,manhã,True
92,0.41690173836965927,0.0,0.0,0.5741034155147471,0.0,0.008994846115593673,noite,False
93,0.0,0.0,0.9115862009165312,0.0,0.08841379908346873,0.0,manhã,False
94,0.0,0.11536184212919326,0.2082114478279754,0.36205794864847135,0.005063814993206285,0.3093049464011537,almoço,False
95,0.2454772858278924,0.0,0.020018568218910834,0.41540350900293777,0.31910063695025903,0.0,manhã,True
96,0.0,0.0,0.0,1.0,0.0,0.0,madrugada,False
97,0.0,0.6379949027692251,0.0,0.0,0.0,0.36200509723077484,madrugada,False
98,0.0,0.0,0.5530709110945484,0.4469290889054516,0.0,0.0,almoço,False
99,0.4812210428932486,0.5187789571067514,0.0,0.0,0.0,0.0,jantar,False
100,0.0,0.6367177800815144,0.0,0.36328221991848564,0.0,0.0,noite,False
101,0.0,0.0,1.0,0.0,0.0,0.0,manhã,True
102,0.24609337288974484,0.3642093509922223,0.0,0.164610632107999,0.09103386078961047,0.13405278322042352,jantar,True
103,0.6552969269575477,0.0,0.34470307304245235,0.0,0.0,0.0,jantar,True
104,0.0,0.0,0.09887340561704079,0.9011265943829592,0.0,0.0,almoço,False
105,0.0,0.0,0.53617416926493,0.0,0.0,0.46382583073507,jantar,True
106,0.0,0.06644011294756763,0.21585346899230998,0.3578468978302679,0.0,0.35985952022985446,jantar,False
107,0.5013265820502418,0.0,0.0,0.0,0.49867341794975834,0.0,manhã,True
108,0.0,0.579985357991898,0.10719995701891075,0.0,0.11850496220285855,0.1943097227863327,madrugada,False
109,0.33407629322793764,0.6659237067720623,0.0,0.0,0.0,0.0,tarde,False
110,0.0,0.0,0.8221315932108461,0.1778684067891539,0.0,0.0,manhã,False
111,0.0,0.7411689015086302,0.0,0.25883109849136965,0.0,0.0,tarde,False
112,0.0,0.0,0.13470203356068733,0.2412030598538801,0.0,0.6240949065854325,jantar,True
113,0.3116277671858363,0.08674139818520293,0.0,0.24624336171696343,0.16542867472299824,0.18995879818899908,tarde,False
114,0.0,0.0,0.4706556759231483,0.0,0.0,0.5293443240768517,jantar,True
115,0.13945015034649044,0.4004291316347254,0.0,0.0,0.0,0.4601207180187841,manhã,True
116,0.0,0.0,0.1546737260394986,0.8453262739605014,0.0,0.0,almoço,False
117,0.0,0.24889124167902,0.05339208136359566,0.4847941768409238,0.21292250011646063,0.0,tarde,False
118,0.5866212315827007,0.098071940199565,0.0,0.3153068282177342,0.0,0.0,noite,True
119,0.5651165283442201,0.0,0.0,0.0,0.43488347165577995,0.0,almoço,True
120,0.0,0.0,1.0,0.0,0.0,0.0,tarde,False
121,0.0,0.47037475252076877,0.30745225741381604,0.2221729900654153,0.0,0.0,madrugada,False
122,0.0,0.0,0.8157562751886286,0.0,0.1842437248113714,0.0,jantar,True
123,0.0,0.0,0.0,0.0,1.0,0.0,jantar,True
124,0.0,0.3496012541414295,0.006509928418081647,0.45291581407525705,0.0,0.19097300336523176,jantar,False
125,0.20668702966598446,0.0,0.11988711144381735,0.45370916722661975,0.0,0.21971669166357838,jantar,True
126,0.6870421766633499,0.0,0.040743554799397716,0.0,0.0,0.27221426853725245,madrugada,True
127,0.4862893706857982,0.016551800201628542,0.4841933286831496,0.0,0.0,0.012965500429423606,madrugada,True
128,0.8962516573410048,0.0,0.0,0.010346107438814957,0.0,0.09340223522018026,jantar,True
129,0.16666666666666666,0.16666666666666666,0.16666666666666666,0.16666666666666666,0.16666666666666666,0.16666666666666666,manhã,True
130,0.45855475226754944,0.1605031417833479,0.18840500821426906,0.0,0.1468312606163872,0.04570583711844633,tarde,True
131,0.5559102341114891,0.44408976588851096,0.0,0.0,0.0,0.0,almoço,True
132,0.0,0.9462268538976788,0.0,0.0,0.05377314610232117,0.0,tarde,False
133,0.0,0.0,0.6423247837401775,0.3576752162598224,0.0,0.0,tarde,False
134,0.5102108389815062,0.21972116429516195,0.27006799672333187,0.0,0.0,0.0,madrugada,True
135,0.0,0.16706247594587162,0.2620564610167759,0.0,0.12130680912831665,0.44957425390903577,manhã,True
136,0.0,0.9799236488791584,0.0,0.013376845638334604,0.0,0.006699505482506942,manhã,False
137,0.0,0.0,0.0,0.11341282297058697,0.11447858116532769,0.7721085958640854,madrugada,True
138,0.5033778328504854,0.0,0.11928043361985129,0.36610584473251906,0.011235888797144248,0.0,jantar,True
139,0.03032514775958739,0.5099432108804448,0.0,0.0,0.2766063103962535,0.18312533096371425,jantar,False
140,0.06384783436001848,0.0,0.2591768456611093,0.5686672383074801,0.1083080816713921,0.0,tarde,False
141,0.9583935226666549,0.0,0.0,0.0416064773333451,0.0,0.0,manhã,True
142,0.16666666666666666,0.16666666666666666,0.16666666666666666,0.16666666666666666,0.16666666666666666,0.16666666666666666,almoço,True
143,0.0,0.01725182232748428,0.7837675458331007,0.11714194581440726,0.014302510120927493,0.06753617590408034,tarde,False
144,0.16221520297929512,0.0,0.0,0.22025389917492594,0.0,0.6175308978457789,manhã,False
145,0.6072565359158505,0.0,0.0,0.0,0.39274346408414956,0.0,tarde,True
146,0.0,0.0,0.03699265871294457,0.0,0.9630073412870555,0.0,manhã,True
147,0.06011752515526319,0.0,0.0,0.0,0.9398824748447367,0.0,tarde,True
148,0.16200621333572623,0.0,0.0,0.2821363736822635,0.5558574129820103,0.0,almoço,False
149,0.0,0.43505889959896393,0.0,0.0,0.5649411004010361,0.0,manhã,False
150,0.0,0.0,0.154392999909495,0.07994335552573345,0.0,0.7656636445647714,noite,True
151,0.0,0.0,0.41956142736080465,0.5804385726391954,0.0,0.0,jantar,True
152,0.5157647051087345,0.0,0.0,0.4842352948912655,0.0,0.0,manhã,True
153,0.11167773460919452,0.0,0.0,0.4039186399092747,0.4194093050835598,0.06499432039797103,tarde,False
154,0.010693840096423655,0.5543396332394602,0.0,0.0,0.08635846290685549,0.34860806375726067,jantar,False
155,0.8378144645062553,0.0,0.1621855354937447,0.0,0.0,0.0,tarde,True
156,0.0,0.5026758324863472,0.0,0.0,0.1093636360751036,0.3879605314385492,manhã,False
157,0.09234744777401871,0.529643298049489,0.0,0.049659222173545306,0.05290005957255558,0.2754499724303915,tarde,False
158,0.23559337386517823,0.0,0.0,0.11353477169544102,0.6508718544393809,0.0,manhã,True
159,0.13272505962568593,0.06176457904478706,0.2166784779249336,0.0,0.5888318834045934,0.0,manhã,True
160,0.0,0.4543234923279144,0.14370954392934104,0.4019669637427446,0.0,0.0,jantar,False
161,0.003029611952871465,0.3886734830374654,0.17100513593251523,0.19731937298881738,0.0,0.23997239608833035,manhã,False
162,0.06216447954330021,0.38281256638039196,0.5550229540763079,0.0,0.0,0.0,almoço,False
163,0.0,0.0,0.2524450819692218,0.0,0.0,0.7475549180307782,noite,True
164,0.0,0.17033133273792678,0.0,0.2848773658625614,0.5447913013995118,0.0,madrugada,False
165,0.28224216470477637,0.11441977373141726,0.0,0.15409368975124169,0.18502473607914002,0.26421963573342483,almoço,True
166,0.0,0.061059599171033575,0.0,0.0,0.3603995046872973,0.5785408961416691,manhã,True
167,0.0,0.09740650692671739,0.21213850630694472,0.18741956479445585,0.503035421971882,0.0,noite,True
168,0.0,0.06570497448358226,0.0,0.4601411165264311,0.044409018130097476,0.42974489085988915,tarde,False
169,0.0,0.0,0.41804014775518805,0.0,0.4007284604836339,0.18123139176117803,tarde,False
170,0.2961976591898715,0.2044441294017221,0.0,0.0,0.4993582114084064,0.0,almoço,True
171,0.0,0.0,0.8902865665715975,0.0,0.0,0.10971343342840251,madrugada,False
172,0.0,0.0,0.21111077951532076,0.29827868592175233,0.2758799754272635,0.21473055913566338,jantar,True
173,0.09827363294656383,0.0,0.4074340258086245,0.07371012148485909,0.14844001912242502,0.2721422006375276,madrugada,False
174,0.6177214655585946,0.1803139368808807,0.18770414904747187,0.0,0.014260448513052882,0.0,noite,True
175,0.0,0.0,0.0,0.23791293917695547,0.7191124077978174,0.04297465302522713,madrugada,True
176,0.0,0.8577130391891469,0.0,0.0,0.1422869608108531,0.0,noite,False
177,0.2830004508671416,0.0,0.12514877286860907,0.4852082923044085,0.08585843554958368,0.020784048410257147,jantar,False
178,0.40632894823113475,0.5936710517688653,0.0,0.0,0.0,0.0,tarde,True
179,0.04462041011160524,0.47853954860893816,0.3094837947905376,0.0,0.0,0.16735624648891906,madrugada,False
180,0.0,0.0,1.0,0.0,0.0,0.0,manhã,False
181,0.0,0.0,0.9289433308735084,0.07105666912649163,0.0,0.0,madrugada,False
182,0.0,0.0,0.7460605200147521,0.0,0.253939479985248,0.0,tarde,False
183,0.13441309529429568,0.25605528515706716,0.0,0.0,0.6095316195486372,0.0,manhã,True
184,0.0,0.0,0.1050525729518728,0.20497783530425417,0.49491799657892743,0.19505159516494552,tarde,False
185,0.0,0.20115879782827986,0.11248556559399692,0.0,0.4036010678412765,0.2827545687364468,noite,False
186,0.0,0.10683879798084944,0.37440887738664635,0.0,0.2064774321408351,0.31227489249166906,noite,True
187,0.0,0.0,0.3995666227771217,0.1998311332940717,0.40060224392880656,0.0,manhã,True
188,0.0,0.0,0.0,0.033551495770269814,0.5877931505745269,0.37865535365520336,tarde,True
189,0.0,0.0,0.11762474347111979,0.04235926730689283,0.7607034963700166,0.07931249285197095,manhã,False
190,0.0,0.0,0.6651723729092688,0.0,0.3348276270907312,0.0,manhã,False
191,0.0,0.0,1.0,0.0,0.0,0.0,madrugada,False
192,0.07574067163541576,0.19459778687032867,0.08763366420490583,0.5122518726980642,0.020217258313211448,0.10955874627807409,tarde,False
193,0.3515554573280416,0.0,0.0,0.304138715566096,0.19963634228531504,0.14466948482054728,manhã,True
194,0.23337282345027524,0.09166912495248834,0.45729917761474115,0.10587719417746379,0.06722922481475249,0.04455245499027886,manhã,False
195,0.06923973131872668,0.0,0.27667790527962915,0.0,0.6540823634016442,0.0,tarde,True
196,0.11807888788985095,0.06917853892227828,0.0,0.2783210370047503,0.5344215361831204,0.0,almoço,True
197,0.0,0.0,0.0,0.0,0.19222435745336072,0.8077756425466394,almoço,True
198,0.4606858790031466,0.0,0.0,0.5393141209968534,0.0,0.0,jantar,True
199,0.45827640105072354,0.34146838447343875,0.00618435950137689,0.0,0.0,0.19407085497446092,almoço,True
200,0.0,0.0,0.7097943474166226,0.2902056525833775,0.0,0.0,madrugada,False
201,0.2338238470918797,0.0,0.3479724996398074,0.16549852244315882,0.1440580578199566,0.10864707300519735,tarde,False
202,0.07742113143010496,0.35607136471363837,0.0,0.034758259189904626,0.3040809110846149,0.22766833358173708,manhã,False
203,0.0,0.0,0.12468963518956185,0.0,0.8753103648104381,0.0,madrugada,True
204,0.0,0.5490137831812173,0.2358460026334587,0.0,0.0,0.21514021418532417,tarde,False
205,0.31923413086013136,0.1471889821974009,0.0,0.5335768869424677,0.0,0.0,noite,False
206,0.2650333291951589,0.06231305370163736,0.0,0.0,0.6403463449536897,0.03230727214951403,tarde,True
207,0.20872021603271212,0.12420236006612669,0.16988583294698711,0.21102281056466338,0.2861687803895106,0.0,almoço,True
208,0.0,0.0,0.0,0.14156027391311662,0.5456540496082628,0.3127856764786206,jantar,True
209,0.0,0.0,0.0,1.0,0.0,0.0,manhã,False
210,0.04357212691657702,0.0,0.0,0.6700943812009492,0.16736429082277357,0.11896920105970016,madrugada,False
211,0.0,0.4027076410358225,0.0,0.34504110084725365,0.0,0.2522512581169239,manhã,False
212,0.6251863366192604,0.0,0.16327726450839458,0.21153639887234504,0.0,0.0,madrugada,True
213,0.0,0.26837800060318956,0.0,0.0,0.47958470187985736,0.25203729751695314,almoço,False
214,0.0,0.0,0.23797977597607098,0.0,0.045118435412793194,0.7169017886111358,madrugada,True
215,0.2211427153642693,0.0,0.0707287564901981,0.0,0.7081285281455325,0.0,jantar,True
216,0.3074076112577647,0.4564046642840847,0.2361877244581505,0.0,0.0,0.0,noite,False
217,1.0,0.0,0.0,0.0,0.0,0.0,jantar,True
218,0.45971867104719727,0.0,0.5402813289528026,0.0,0.0,0.0,jantar,True
219,0.0,1.0,0.0,0.0,0.0,0.0,almoço,False
220,0.16666666666666666,0.16666666666666666,0.16666666666666666,0.16666666666666666,0.16666666666666666,0.16666666666666666,jantar,True
221,0.3661035881359257,0.0,0.32039015995840847,0.09693274807687378,0.21657350382879192,0.0,manhã,True
222,0.060466628472610556,0.07718503243197096,0.0,0.0,0.0,0.8623483390954185,jantar,True
223,0.0,0.6837982299403231,0.0,0.0,0.3162017700596768,0.0,almoço,False
224,0.24003766628206566,0.0,0.20286421944276392,0.0,0.3510465948839697,0.2060515193912007,jantar,True
225,0.0,0.37362352603909743,0.0763554966600474,0.32379613940799606,0.2262248378928591,0.0,jantar,True
226,0.0,0.0,0.0,0.0,0.13920163644621086,0.8607983635537891,manhã,True
227,0.0,0.7034686457168057,0.0,0.0,0.0,0.29653135428319444,manhã,False
228,0.10363835390295145,0.21809186628757407,0.17469186201684087,0.05510829204357061,0.08846692926062684,0.3600026964884361,almoço,False
229,0.0,0.6517805192049756,0.0,0.34605633975714656,0.0,0.0021631410378778666,tarde,False
230,0.20299049611685147,0.03213303582974141,0.17275938317709252,0.2876302349033162,0.0759382966092867,0.22854855336371174,manhã,True
231,0.0,0.0,0.0,0.7158052443318162,0.2841947556681838,0.0,almoço,False
232,0.1164544310758395,0.7842255694757618,0.0,0.0,0.09931999944839859,0.0,madrugada,False
233,0.2140489317824625,0.0,0.0,0.24382008597075389,0.0,0.5421309822467836,jantar,True
234,0.0,0.0,0.2442449583980341,0.16949770229901862,0.5862573393029473,0.0,manhã,True
235,0.16666666666666666,0.16666666666666666,0.16666666666666666,0.16666666666666666,0.16666666666666666,0.16666666666666666,noite,False
236,1.0,0.0,0.0,0.0,0.0,0.0,almoço,True
237,0.3662646888751569,0.0,0.008465647387095121,0.20355479278176022,0.09538008876687286,0.3263347821891149,noite,True
238,0.0,0.0,0.5706857997649688,0.0,0.0,0.42931420023503114,manhã,True
239,0.0,0.27913156191645344,0.24128398505724527,0.0,0.12125831906357834,0.35832613396272295,noite,False
240,0.05047742912624772,0.0,0.3010786015352924,0.2175516442908654,0.18577480601873952,0.24511751902885504,tarde,True
241,0.0,0.21941839978118688,0.4503581252499605,0.10875517132961908,0.0480037290628332,0.17346457457640016,manhã,True
242,0.3411326967113508,0.6573836590346767,0.0014836442539724968,0.0,0.0,0.0,jantar,False
243,0.0,0.0,0.7002038965799705,0.29979610342002944,0.0,0.0,almoço,False
244,0.08700473800837523,0.0,0.05218919091680413,0.6010725692685913,0.0,0.25973350180622934,noite,True
245,0.7568556799640574,0.0,0.2431443200359425,0.0,0.0,0.0,tarde,True
246,0.0,0.12539759322204408,0.4089727778111593,0.10561297396088427,0.3600166550059124,0.0,noite,False
247,0.0,0.1222816173806425,0.20169418413270326,0.014618684033252505,0.3952585146257901,0.26614699982761164,manhã,True
248,0.8491950047466986,0.0,0.0,0.0,0.0,0.15080499525330138,noite,True
249,0.0,1.0,0.0,0.0,0.0,0.0,madrugada,False
250,0.014700609022439836,0.0,0.3764701679223329,0.0,0.0,0.6088292230552274,almoço,True
251,0.03777329621124759,0.07548769241701198,0.40543207137485276,0.0,0.0,0.4813069399968877,noite,True
252,0.0,0.0,0.7042675828124737,0.20511615417700377,0.09061626301052252,0.0,noite,False
253,0.009828979465810682,0.0,0.42608454315704847,0.0,0.0,0.5640864773771409,jantar,True
254,0.007276571784023057,0.5903890730579777,0.0,0.36169396773649326,0.0,0.0406403874215059,tarde,False
255,0.0,0.7484811621207319,0.0,0.2515188378792681,0.0,0.0,noite,False
256,0.0,0.0,0.6549010662173378,0.0,0.34509893378266226,0.0,jantar,True
257,0.4801003601428784,0.0,0.0,0.5198996398571216,0.0,0.0,noite,True
258,0.0,0.42222514453975657,0.10929206049727411,0.016171607208277542,0.23622643861718365,0.21608474913750822,noite,True
259,0.09716866557872937,0.7071126331068959,0.0,0.12710447229304314,0.0,0.0686142290213317,tarde,False
260,0.5923322124110937,0.0,0.0,0.3718523440981421,0.0,0.03581544349076427,madrugada,True
261,0.0,0.0779815906145017,0.8382746516830956,0.0,0.0,0.08374375770240289,noite,True
262,0.0,0.0,0.4833264066526071,0.19612565016668204,0.0,0.32054794318071095,madrugada,False
263,0.0,0.0,0.30756815452136954,0.43939475399817246,0.25303709148045794,0.0,tarde,False
264,0.0,0.10596944950738074,0.0,0.5642526733306004,0.20581312115195846,0.12396475601006046,noite,False
265,0.0,0.0,0.07346818094220434,0.34351098693665266,0.268383229459511,0.314637602661632,tarde,True
266,0.0,0.7662565533537212,0.0,0.0,0.23374344664627875,0.0,noite,False
267,0.0,0.0,0.0,0.2967708419577444,0.7032291580422556,0.0,tarde,False
268,0.0,0.0,0.2922707938454535,0.7077292061545464,0.0,0.0,manhã,False
269,0.0,0.0,0.06730611994808636,0.4779010736140994,0.29859678576142495,0.15619602067638932,noite,False
270,0.0,0.0,0.0,1.0,0.0,0.0,jantar,False
271,0.0,0.3441690410024073,0.0,0.5905228175931194,0.06530814140447319,0.0,noite,False
272,0.33609191526112203,0.16574942924223499,0.0,0.0,0.0,0.49815865549664295,noite,True
273,0.0,0.0,0.11094514349019777,0.8890548565098022,0.0,0.0,jantar,False
274,0.09876580671447971,0.47358963410252464,0.0,0.09346110067142177,0.05015039748460456,0.2840330610269693,noite,True
275,0.5512790489147588,0.0,0.0,0.44872095108524124,0.0,0.0,manhã,False
276,0.3268466415439971,0.0,0.3992814560458289,0.0955890310131091,0.09082834029684658,0.08745453110021831,jantar,True
277,0.0,0.0,0.24885726144672674,0.655767818707165,0.0953749198461082,0.0,jantar,False
278,0.011668522482813195,0.0,0.0,0.6252770279068969,0.0,0.36305444961028993,tarde,False
279,0.08878532466215644,0.2332608257241345,0.0,0.023426797113881806,0.5015764908055811,0.1529505616942461,tarde,True
280,0.025787054722148917,0.13823040561295946,0.02209405691500944,0.5617034003867005,0.25218508236318177,0.0,jantar,False
281,0.08638835645727286,0.0,0.4142050929079041,0.0,0.0,0.49940655063482303,jantar,True
282,0.6043550060810259,0.13144759353896446,0.03164419341468331,0.1844871893991397,0.0,0.048066017566186656,noite,True
283,0.02575936162912032,0.41481449366300316,0.0,0.0,0.5594261447078765,0.0,manhã,True
284,0.0,0.7268359576484789,0.013567362527512618,0.0,0.0,0.2595966798240085,tarde,False
285,1.0,0.0,0.0,0.0,0.0,0.0,almoço,True
286,0.0,0.0,0.28859933135926624,0.7114006686407338,0.0,0.0,noite,False
287,0.6577502932548366,0.0,0.0,0.08974184024375316,0.25250786650141027,0.0,madrugada,True
288,0.07589436424892794,0.0,0.0,0.2349191490854004,0.409854642161912,0.27933184450375964,noite,True
289,0.05069365716766009,0.6554244866516512,0.12715844749645344,0.0,0.16672340868423524,0.0,madrugada,False
290,0.0,0.0,0.5703728558538586,0.0,0.4296271441461415,0.0,manhã,True
291,0.0,0.0,0.5663660447664232,0.0,0.024933227369091843,0.408700727864485,tarde,True
292,0.4643829234602111,0.0,0.43198507207177117,0.09155693461241524,0.0,0.012075069855602583,almoço,True
293,0.7614766301114048,0.0,0.23852336988859527,0.0,0.0,0.0,tarde,True
294,0.03950944389740806,0.265288141680024,0.20475805651554846,0.12212152585910117,0.0,0.3683228320479182,tarde,False
295,0.10729988583150282,0.0,0.0,0.44679030282724613,0.0037974118381334005,0.4421123995031177,manhã,True
296,0.3114092336732754,0.11301045249927706,0.0,0.03821877666020476,0.0127436274258947,0.524617909741348,noite,True
297,0.0,0.0,0.0,0.2311025142031876,0.0,0.7688974857968125,manhã,True
298,0.021964789102991378,0.0,0.0,0.9728873496893844,0.0,0.005147861207624173,tarde,False
299,0.0,0.0,0.05536068666124173,0.3798259651691101,0.0,0.5648133481696481,almoço,False
300,0.22037462271866454,0.0,0.3856844021719259,0.3939409751094096,0.0,0.0,noite,False
301,0.0,0.0,0.0,1.0,0.0,0.0,manhã,False
302,0.2698964896871673,0.0,0.0,0.0,0.7301035103128327,0.0,madrugada,True
303,0.0,0.0,0.0,0.0,1.0,0.0,jantar,True
304,0.0,0.0,0.012950386486050552,0.025204210129276445,0.9070705357153618,0.05477486766931118,almoço,True
305,0.16666666666666666,0.16666666666666666,0.16666666666666666,0.16666666666666666,0.16666666666666666,0.16666666666666666,jantar,False
306,0.3543999313548964,0.0,0.0,0.0,0.3249819992581937,0.3206180693869099,tarde,True
307,0.0,1.0,0.0,0.0,0.0,0.0,almoço,False
308,0.07549898533507374,0.6775990986451584,0.02691747724495272,0.0,0.17790935978732614,0.042075078987488926,madrugada,False
309,0.014564879213216005,0.0,0.7460126817573184,0.2394224390294657,0.0,0.0,almoço,False
310,0.0,0.0,0.0,0.0,1.0,0.0,madrugada,True
311,0.4350207471024371,0.0,0.0,0.0,0.5649792528975629,0.0,madrugada,True
312,0.0,0.0,1.0,0.0,0.0,0.0,noite,False
313,0.231225183134117,0.13186055741348326,0.10837122820407857,0.0,0.11299431776644703,0.41554871348187417,tarde,True
314,0.0,0.07322736161485133,0.0,0.5942527769313246,0.0,0.332519861453824,madrugada,False
315,0.0,0.7207412333121258,0.0,0.21878671204662448,0.06047205464124976,0.0,manhã,False
316,0.5822811773824172,0.0,0.1031772071600864,0.3145416154574963,0.0,0.0,almoço,True
317,0.0,0.0,0.061550964708029045,0.8277058324761989,0.11074320281577212,0.0,manhã,False
318,0.0,0.0,0.9691239231046437,0.0,0.030876076895356295,0.0,tarde,False
319,0.3896839345167915,0.014853902067748413,0.3974780114616049,0.0,0.12301956019287609,0.07496459176097911,tarde,True
320,0.5201812666489808,0.0,0.0,0.024712313014237788,0.0,0.45510642033678145,jantar,True
321,0.0,0.44242882987637305,0.22921529595864262,0.20674463524429978,0.12161123892068448,0.0,manhã,False
322,0.0,0.22395038259026093,0.26493023968028234,0.5111193777294567,0.0,0.0,manhã,False
323,0.2535498225971884,0.0,0.25774296408649455,0.3540814923823816,0.13462572093393554,0.0,noite,True
324,0.014450155678503265,0.20874416342772878,0.003582627935991167,0.7732230529577768,0.0,0.0,tarde,False
325,0.0,0.0,0.0,0.0,0.0,1.0,tarde,True
326,0.08899848866974838,0.0,0.19172655699067315,0.38390763707727965,0.0,0.33536731726229885,tarde,True
327,0.04545258992088169,0.45426024438468043,0.25520657431241184,0.0,0.004254808740057684,0.24082578264196838,madrugada,False
328,0.018609479803239702,0.0,0.7735615794258636,0.0,0.010670799822374444,0.1971581409485222,tarde,False
329,0.0,0.0,0.6416494424365435,0.35835055756345635,0.0,0.0,noite,False
330,0.0,1.0,0.0,0.0,0.0,0.0,jantar,False
331,0.23355574676927204,0.0,0.0,0.015997185562847793,0.7504470676678803,0.0,tarde,True
332,0.41478174914974036,0.0,0.06239309817567494,0.03082966130943969,0.4420269825108276,0.049968508854317466,almoço,True
333,0.0,0.0,0.0,0.0,1.0,0.0,jantar,True
334,0.0,0.0,0.0,0.0,0.43092565945134825,0.5690743405486518,noite,True
335,0.1876174511506343,0.0,0.3253377937553696,0.3482181960188189,0.1388265590751771,0.0,jantar,True
336,0.29055292433897856,0.17330819474860637,0.0,0.2641530557117723,0.0,0.2719858252006429,jantar,True
337,0.0,0.5296894289606591,0.0,0.0,0.0,0.470310571039341,noite,False
338,0.011186769650656306,0.0,0.31691557155259314,0.08965885779095771,0.0,0.5822388010057928,almoço,False
339,0.27932661162453615,0.11016448510468609,0.0,0.2688722930305403,0.21250967471408838,0.1291269355261491,madrugada,False
340,0.0,0.2925251470166276,0.0,0.0,0.4991948419234103,0.2082800110599622,madrugada,False
341,0.0,0.5335687016969146,0.0,0.306062242273823,0.0,0.16036905602926235,tarde,False
342,0.0,0.7243965414841047,0.07130324656170227,0.2043002119541931,0.0,0.0,madrugada,False
343,0.04212780775780062,0.11864120713705202,0.5954924987035455,0.04530764738609647,0.19843083901550546,0.0,madrugada,False
344,0.0,0.0,0.0,0.5181653158686124,0.0,0.48183468413138764,almoço,False
345,0.486968198167772,0.014011708822862238,0.16435526125166286,0.0,0.17635511613813137,0.15830971561957163,tarde,True
346,0.0,0.14885982462463895,0.5081274822686738,0.21018966434760647,0.09604228989775612,0.03678073886132489,noite,True
347,0.0,0.0,0.2014848307160898,0.0,0.0,0.7985151692839102,manhã,True
348,0.540608576810503,0.0,0.459391423189497,0.0,0.0,0.0,noite,True
349,0.29601575644457623,0.0,0.12496631382328957,0.0,0.15636788361424173,0.42265004611789253,jantar,True
350,0.0,0.09349636010966562,0.10234152087579325,0.0,0.3777384894983201,0.42642362951622104,tarde,True
351,0.179929671118053,0.01878959263326797,0.0,0.0,0.43864000753642807,0.36264072871225084,noite,True
352,0.0,0.0,0.0,0.0,0.0,1.0,almoço,True
353,0.0,0.2606800531987453,0.6729454856092328,0.06637446119202182,0.0,0.0,madrugada,False
354,0.0,0.3459496862853692,0.0,0.10187384798307962,0.0,0.5521764657315513,manhã,False
355,0.0,0.0,1.0,0.0,0.0,0.0,almoço,False
356,0.22272393541946725,0.5119621927603385,0.0,0.0,0.0,0.2653138718201941,madrugada,False
357,0.0,0.0,0.0,0.0,0.0,1.0,almoço,True
358,0.19214632311645988,0.0,0.0,0.11374751664283024,0.0,0.6941061602407099,jantar,True
359,1.0,0.0,0.0,0.0,0.0,0.0,tarde,True
360,0.0,0.0,0.0,0.9149666393680534,0.08503336063194658,0.0,tarde,False
361,0.0,0.0,0.0,0.2564932316587101,0.07390642066973385,0.6696003476715561,noite,True
362,0.11189094267530622,0.0,0.24101102362629892,0.3214304507415963,0.32566758295679854,0.0,madrugada,True
363,0.0,1.0,0.0,0.0,0.0,0.0,jantar,False
364,0.0,0.8982449359307569,0.0,0.0,0.0,0.101755064069243,noite,False
365,0.0,0.46122132014067113,0.1715815470492215,0.0,0.0,0.36719713281010735,tarde,False
366,0.0,0.7518130440311946,0.0,0.24818695596880538,0.0,0.0,jantar,False
367,0.3499570233406411,0.0,0.2591280555143571,0.1507683730546487,0.24014654809035313,0.0,tarde,False
368,0.0,0.20657434855152693,0.0,0.7934256514484731,0.0,0.0,jantar,False
369,0.0,0.0,1.0,0.0,0.0,0.0,manhã,False
370,0.532484256575395,0.0,0.25485482896976075,0.0,0.0,0.21266091445484434,manhã,True
371,0.47244806863927724,0.0,0.0,0.0,0.5275519313607228,0.0,tarde,True
372,0.0,0.5299064407788738,0.0,0.29294693387035353,0.06893852539068523,0.10820809996008748,madrugada,False
373,0.0,0.10769584164839739,0.0,0.17322401412946192,0.45866363173466845,0.2604165124874723,jantar,True
374,0.0,0.0,0.0,1.0,0.0,0.0,noite,False
375,0.23923188711966525,0.467834839540594,0.0,0.2929332733397407,0.0,0.0,manhã,False
376,0.0,0.0,0.17957857896305238,0.5470218084777432,0.27339961255920436,0.0,noite,False
377,0.0,0.46030039200321976,0.0,0.5396996079967803,0.0,0.0,manhã,False
378,0.17610016734800713,0.0,0.0,0.0,0.25718497839426596,0.5667148542577269,tarde,True
379,0.13428138439400894,0.273673955882531,0.0,0.4376204339028673,0.15442422582059276,0.0,noite,False
380,0.0,0.46258543203212354,0.0,0.0,0.5374145679678765,0.0,madrugada,True
381,0.0,0.0,0.07837407787955734,0.0,0.0,0.9216259221204427,madrugada,True
382,0.08286030548660779,0.0,0.5963147145258021,0.04690325371069718,0.2739217262768929,0.0,jantar,True
383,0.0,0.0,0.0,0.0,1.0,0.0,manhã,True
384,0.2084777350832056,0.0,0.0,0.01716545408414932,0.7743568108326451,0.0,jantar,True
385,0.2972742051167862,0.0,0.0,0.0013887978672244034,0.12649817908127636,0.574838817934713,almoço,True
386,0.0,0.0,0.7314332757943599,0.0,0.2685667242056401,0.0,noite,False
387,0.0,0.13310670220374654,0.1527647373041089,0.24264706387774213,0.4714814966144025,0.0,manhã,True
388,0.28339735428414337,0.2245720181847153,0.0,0.21788428806886628,0.274146339462275,0.0,madrugada,False
389,1.0,0.0,0.0,0.0,0.0,0.0,jantar,True
390,0.289204212791913,0.0004733278785217052,0.0,0.4534577358781831,0.0,0.2568647234513823,tarde,False
391,0.20724274574233512,0.3052215448290313,0.4207835886167211,0.0,0.06675212081191259,0.0,almoço,False
392,0.3976636095521584,0.0,0.0,0.3110533565516384,0.0,0.29128303389620325,almoço,True
393,0.9611568479682949,0.0,0.0,0.0,0.038843152031704985,0.0,jantar,True
394,0.0,0.0,0.10247383110480492,0.054788041475090914,0.0,0.8427381274201042,noite,True
395,0.6063347278190658,0.22884268979285205,0.0,0.0,0.16482258238808215,0.0,tarde,True
396,0.0,0.21930195024186291,0.12462726172823041,0.3205862993356422,0.0,0.33548448869426456,jantar,False
397,0.0,0.9340728083899149,0.06592719161008508,0.0,0.0,0.0,jantar,False
398,0.0,0.4433050000571721,0.0,0.0,0.5566949999428279,0.0,jantar,False
399,0.0,0.4658697626449502,0.0,0.5341302373550497,0.0,0.0,jantar,False
400,0.0818498766199053,0.0,0.0,0.43860958473692135,0.22084619456748708,0.25869434407568626,jantar,False
401,0.0,0.3375122502901749,0.2649831193299457,0.3975046303798794,0.0,0.0,madrugada,False
402,0.11015986152879885,0.0,0.0,0.3348621005853246,0.33937524418777215,0.21560279369810437,jantar,True
403,0.6467882981126686,0.0,0.35321170188733136,0.0,0.0,0.0,tarde,True
404,0.08999274214885762,0.0,0.0,0.6162446782354777,0.11212146678328104,0.18164111283238366,tarde,False
405,0.26482615982030094,0.0,0.0,0.7351738401796991,0.0,0.0,jantar,False
406,0.0,0.0,0.40686175586328927,0.30377053557832917,0.28936770855838145,0.0,tarde,False
407,0.37633005813139103,0.1644365543743697,0.0,0.0,0.45923338749423936,0.0,manhã,True
408,0.05224959699176756,0.1779110296593597,0.32853698637163714,0.2862995120365218,0.15500287494071374,0.0,manhã,False
409,0.0,0.0,0.7724337693327733,0.0,0.18043612525356995,0.04713010541365678,almoço,False
410,0.0,0.19062629955712868,0.1988500123803128,0.0,0.6105236880625585,0.0,manhã,True
411,0.0,0.7350958051178745,0.0,0.2649041948821254,0.0,0.0,madrugada,False
412,0.16666666666666666,0.16666666666666666,0.16666666666666666,0.16666666666666666,0.16666666666666666,0.16666666666666666,almoço,True
413,0.2492980306796485,0.0,0.1982062071362356,0.5090469021348435,0.04344886004927227,0.0,madrugada,True
414,0.0,0.0,0.27446203255523494,0.060603406675202046,0.3648866461963382,0.3000479145732248,tarde,False
415,0.028884942609471068,0.09712817235105696,0.38057263119475765,0.29039812189177344,0.0,0.20301613195294077,jantar,False
416,0.19749006145474512,0.38307594534487555,0.22640166535269177,0.0,0.0,0.1930323278476877,madrugada,False
417,0.617643401791978,0.0,0.0,0.0,0.38235659820802204,0.0,jantar,True
418,0.0,0.4112025201161262,0.0,0.0,0.0,0.5887974798838739,manhã,True
419,0.0,0.0,0.0,1.0,0.0,0.0,tarde,False
420,0.03887997540897999,0.19215603691806277,0.5056841575875686,0.08291463156829319,0.0,0.18036519851709548,noite,False
421,0.5876532476283958,0.0,0.0,0.21022171241695878,0.0,0.20212503995464556,jantar,True
422,0.0,0.0,0.0,0.3308238396323098,0.13331508253543417,0.535861077832256,tarde,True
423,0.0,0.0,0.37824538417675047,0.0,0.4241487429817096,0.19760587284153996,jantar,True
424,0.5498065668026295,0.0,0.2262723619632541,0.22392107123411636,0.0,0.0,manhã,False
425,0.0,0.0,0.0666985492994499,0.41789461984329546,0.33622248877803623,0.17918434207921846,noite,True
426,0.42436703195073966,0.0,0.0,0.3626576997971582,0.2129752682521022,0.0,jantar,True
427,0.6172760003555902,0.0,0.0,0.0,0.38160927244338866,0.0011147272010211763,tarde,True
428,0.0,0.17364947702703998,0.3674130607091389,0.2497642053965606,0.20917325686726065,0.0,almoço,False
429,0.0,0.4798549403672514,0.0,0.5201450596327487,0.0,0.0,madrugada,False
430,0.0,0.0,0.21371563662774068,0.6088138345385844,0.1774705288336748,0.0,jantar,False
431,0.0,0.2574491672859044,0.0,0.5014253681178142,0.24112546459628137,0.0,almoço,False
432,0.6550754141380198,0.0,0.0,0.0,0.0,0.34492458586198027,tarde,True
433,0.0,0.0,0.7749962033079786,0.0,0.22500379669202147,0.0,jantar,True
434,0.0,0.0,0.0,1.0,0.0,0.0,noite,False
435,0.0,0.1436657779013766,0.0,0.39375674206217987,0.4625774800364435,0.0,manhã,False
436,0.0,0.0,0.0,0.09939774128807122,0.24064360957380337,0.6599586491381254,manhã,True
437,0.0,0.3070478762321766,0.3084538438535702,0.045463885004813666,0.13836863130607172,0.20066576360336774,tarde,True
438,0.522056110666759,0.12635777639575863,0.0,0.0,0.08074290565156908,0.2708432072859134,madrugada,True
439,0.40875670281284904,0.0,0.14885099156753492,0.0,0.44239230561961607,0.0,noite,True
440,0.3461760152687726,0.3742292606084524,0.27959472412277503,0.0,0.0,0.0,noite,True
441,0.6069494525504006,0.0,0.0,0.0,0.1796879669425624,0.2133625805070369,manhã,True
442,0.4802121373775402,0.0,0.0,0.0,0.4436642497889854,0.07612361283347437,almoço,True
443,0.1936094050994054,0.12954041717510884,0.0,0.0,0.5533026603707543,0.1235475173547315,tarde,True
444,0.0,0.14460763297859364,0.07077836633107314,0.0,0.20641865691061112,0.578195343779722,noite,True
445,0.0,0.5160057818526373,0.0,0.10414664021608797,0.37984757793127466,0.0,madrugada,False
446,0.6523992559842181,0.0,0.0,0.0,0.3476007440157819,0.0,jantar,True
447,0.0,0.0,0.0,0.9117604708577316,0.0,0.08823952914226846,tarde,False
448,0.0,0.5067080394948552,0.0,0.3797326703276886,0.0,0.11355929017745629,manhã,False
449,0.1281094172105603,0.0,0.2071820420243594,0.22860447205499132,0.40366408183199026,0.03243998687809876,jantar,True
450,0.0,0.0,0.0,0.0,0.0,1.0,tarde,True
451,0.0,0.0,0.45834897937721636,0.5416510206227836,0.0,0.0,tarde,False
452,0.44495770641606663,0.5550422935839334,0.0,0.0,0.0,0.0,almoço,False
453,0.41515165447684665,0.2791780031398263,0.0,0.2617993173808723,0.04387102500245462,0.0,jantar,False
454,0.0,0.0,0.23172843913089597,0.0,0.0,0.768271560869104,madrugada,True
455,0.26530509413737846,0.10248456952156197,0.0,0.0,0.0,0.6322103363410595,manhã,True
456,0.1394095384192073,0.0,0.35236068717217683,0.0,0.5082297744086157,0.0,tarde,False
457,0.0,0.07419701220131739,0.417373323094928,0.4407919048135901,0.06763775989016468,0.0,almoço,False
458,0.0,0.0,0.0,0.0,1.0,0.0,manhã,True
459,0.0,0.0,0.21158896485550993,0.0,0.2359652799745527,0.5524457551699374,jantar,True
460,0.2809830641276851,0.0,0.0,0.719016935872315,0.0,0.0,manhã,False
461,0.0,0.0,0.0,0.41745595461593016,0.5825440453840699,0.0,madrugada,False
462,0.09980062325604172,0.3654214576417907,0.04840676356710044,0.0,0.0,0.48637115553506705,jantar,True
463,0.22041192698640397,0.2562943102851863,0.0,0.10438114641570495,0.27941306654705356,0.1394995497656511,manhã,False
464,0.0,0.22032539624644074,0.0,0.2021470071775931,0.23529919114416611,0.34222840543180005,jantar,True
465,0.0,0.0,0.9474916120368069,0.0,0.05250838796319309,0.0,tarde,True
466,0.0,0.351508603458972,0.0,0.648491396541028,0.0,0.0,jantar,False
467,0.0,0.23626285638933003,0.3157959343592933,0.44794120925137665,0.0,0.0,manhã,False
468,0.023260335866889043,0.3312870729960368,0.17093078251758362,0.4146728245204137,0.0,0.05984898409907681,noite,False
469,0.0,0.0,0.0,0.0,0.0,1.0,manhã,True
470,0.03147809907856965,0.7701408898099293,0.19838101111150108,0.0,0.0,0.0,madrugada,False
471,0.0,0.1583822041891216,0.2792095094667319,0.4109936421412414,0.0,0.15141464420290504,manhã,False
472,0.0,0.14758838055347806,0.4281904453018359,0.0,0.4242211741446859,0.0,manhã,True
473,0.0,0.0,1.0,0.0,0.0,0.0,noite,False
474,0.07126367250270989,0.43791214933609784,0.2461197790103939,0.24470439915079828,0.0,0.0,manhã,False
475,0.4298646162496676,0.0,0.0,0.5701353837503325,0.0,0.0,manhã,False
476,0.2656325552310831,0.023583482263615462,0.0,0.0,0.027875958071879745,0.6829080044334217,tarde,True
477,0.0,0.0,1.0,0.0,0.0,0.0,madrugada,False
478,0.45112133543673577,0.24506038931434382,0.3038182752489204,0.0,0.0,0.0,almoço,True
479,0.19503211215764693,0.0,0.8049678878423531,0.0,0.0,0.0,noite,False
480,0.0,0.0,0.2525232942687208,0.0,0.7474767057312792,0.0,noite,True
481,0.0,0.025422741587783522,0.292621906005091,0.0,0.2818713445570467,0.4000840078500787,manhã,False
482,0.13684770096717777,0.22474834258890478,0.17862421650447372,0.2093339231657511,0.22169374071848916,0.028752076055203482,noite,False
483,0.16666666666666666,0.16666666666666666,0.16666666666666666,0.16666666666666666,0.16666666666666666,0.16666666666666666,noite,False
484,0.16666666666666666,0.16666666666666666,0.16666666666666666,0.16666666666666666,0.16666666666666666,0.16666666666666666,jantar,True
485,0.0,0.0,0.0,0.839428864127736,0.160571135872264,0.0,madrugada,False
486,0.0,0.0,0.27743126412212754,0.3794000213326279,0.34316871454524456,0.0,almoço,False
487,0.0,0.0,1.0,0.0,0.0,0.0,noite,False
488,0.06569153123273797,0.29746776106680395,0.0,0.2845411839731923,0.35229952372726575,0.0,madrugada,False
489,0.0,0.0,0.49119043870517437,0.0,0.0,0.5088095612948256,madrugada,True
490,0.05671381136768919,0.0,0.5163031135864331,0.36624592765296465,0.0607371473929129,0.0,almoço,False
491,0.0,0.0,0.0,0.7106758704949292,0.0,0.28932412950507075,noite,False
492,0.0,0.39964041743443385,0.0,0.15368869850962397,0.0,0.4466708840559422,tarde,False
493,0.0,0.29783750433942213,0.0,0.2997798015101405,0.18392403415656128,0.2184586599938761,almoço,False
494,0.20118880680830298,0.0,0.798811193191697,0.0,0.0,0.0,jantar,False
495,0.0,0.0,0.0,0.0,0.09295214136455168,0.9070478586354483,noite,True
496,0.22873313792772282,0.4295836074185389,0.0,0.0,0.0,0.3416832546537384,manhã,False
497,0.0,0.0,0.040645774145983686,0.0,0.7815433077941775,0.17781091805983892,noite,True
498,0.0,0.0,0.0,0.0,0.7434028301714946,0.2565971698285054,noite,True
499,0.13339062410324545,0.8666093758967546,0.0,0.0,0.0,0.0,madrugada,False
500,0.6601161247648666,0.23562985190746974,0.0,0.10425402332766376,0.0,0.0,noite,True
501,0.10771092322965743,0.12561302730936594,0.0,0.41392996381216124,0.3527460856488154,0.0,almoço,True
502,0.030065757534010654,0.0,0.0,0.9699342424659895,0.0,0.0,noite,True
503,1.0,0.0,0.0,0.0,0.0,0.0,almoço,True
504,0.2823730914366891,0.0,0.0765637734162593,0.492826925460261,0.0,0.1482362096867906,madrugada,False
505,0.3846013872500275,0.08367465545777122,0.0,0.0,0.2960414572702502,0.2356825000219509,jantar,True
506,0.0,0.0,0.0,0.41315297238412046,0.0,0.5868470276158795,madrugada,True
507,0.1245477374730906,0.09853648480935931,0.06866321190885301,0.22399934865987536,0.0,0.4842532171488217,tarde,False
508,0.0,0.0,0.15422863936273937,0.5568131295805859,0.0,0.2889582310566747,tarde,False
509,0.0,0.0,0.0,0.7985519178381199,0.0,0.2014480821618802,tarde,False
510,0.0,0.0,0.0,0.0,0.0,1.0,noite,True
511,0.0,0.09968348409052635,0.7402747682986944,0.0,0.0,0.16004174761077913,madrugada,False
512,0.0,0.0,0.0,0.14096181218787168,0.0,0.8590381878121284,almoço,True
513,0.22096806375165207,0.0,0.0,0.0,0.779031936248348,0.0,tarde,True
514,0.06325067407255851,0.0,0.0,0.5935051746928127,0.0,0.34324415123462887,jantar,True
515,0.16666666666666666,0.16666666666666666,0.16666666666666666,0.16666666666666666,0.16666666666666666,0.16666666666666666,tarde,True
516,0.516458217562779,0.0,0.10069158714145097,0.0,0.38285019529576997,0.0,noite,True
517,0.0,0.0,0.17937914158061558,0.8206208584193845,0.0,0.0,manhã,False
518,0.0,0.08909327419109941,0.04416250696092051,0.4863496938778859,0.38039452497009413,0.0,tarde,False
519,0.03547081231955083,0.0,0.0,0.0,0.5994627495044964,0.3650664381759528,noite,True
520,0.0744279571355096,0.9255720428644905,0.0,0.0,0.0,0.0,noite,False
521,0.0,0.8849043261916711,0.11509567380832887,0.0,0.0,0.0,manhã,False
522,0.16666666666666666,0.16666666666666666,0.16666666666666666,0.16666666666666666,0.16666666666666666,0.16666666666666666,tarde,True
523,0.5563836148943815,0.0,0.0,0.19277255933167026,0.25084382577394815,0.0,madrugada,True
524,0.0,0.0,0.0,0.0,1.0,0.0,tarde,True
525,0.0,0.0,0.5949992012873473,0.202257185227241,0.2027436134854117,0.0,jantar,False
526,0.0,0.148831348670523,0.20624945653777396,0.0040183688522544385,0.3028736694870966,0.33802715645235193,madrugada,False
527,0.0,0.22245893008442424,0.0,0.20070295540327876,0.5768381145122969,0.0,noite,True
528,0.0,0.8438976479892363,0.0,0.0,0.15610235201076375,0.0,tarde,False
529,0.0,0.05409348406525103,0.0,0.9459065159347491,0.0,0.0,tarde,False
530,0.0,0.22105155001486157,0.19074556034718348,0.0,0.588202889637955,0.0,almoço,False
531,0.0,0.22837485435531607,0.0,0.5537465261728213,0.21787861947186277,0.0,manhã,False
532,0.4755189491993821,0.2563122010162875,0.0,0.2681688497843304,0.0,0.0,jantar,True
533,0.26271921611912163,0.0,0.0,0.7372807838808784,0.0,0.0,manhã,False
534,0.0,0.1858006292772166,0.0,0.7110815919176523,0.10311777880513125,0.0,almoço,False
535,0.0,0.0,1.0,0.0,0.0,0.0,madrugada,False
536,0.001347710025125915,0.0,0.0,0.15178824058937262,0.6469903839866505,0.19987366539885099,madrugada,True
537,0.0,0.0,0.0,0.2092827359007538,0.43379860889989164,0.3569186551993547,madrugada,True
538,0.02404333677465392,0.20976511734066633,0.5017679814542112,0.0,0.0,0.26442356443046866,almoço,False
539,0.3181323051475562,0.15173709817510045,0.5301305966773434,0.0,0.0,0.0,almoço,True
540,0.5008724711654503,0.0,0.20045999837856235,0.0,0.0,0.2986675304559874,madrugada,True
541,0.20290324003221757,0.08245493475898735,0.0,0.37767537502168413,0.3149841357050937,0.021982314482017165,tarde,False
542,0.0037180400146378566,0.6529518189386387,0.34333014104672344,0.0,0.0,0.0,manhã,False
543,0.3319898988291662,0.29328692342202717,0.0,0.13103328474204437,0.24368989300676233,0.0,manhã,True
544,0.0,0.0,1.0,0.0,0.0,0.0,noite,False
545,0.0,0.7304981527184253,0.2695018472815748,0.0,0.0,0.0,tarde,False
546,0.0,0.2234532583461422,0.45852742559493115,0.24185159279059226,0.07616772326833436,0.0,jantar,False
547,0.0,0.52785309635533,0.0,0.4721469036446701,0.0,0.0,jantar,False
548,0.0,0.057403359993909546,0.0,0.6002443555992942,0.14862267931836884,0.19372960508842743,noite,True
549,0.1254991960436915,0.0,0.05510411342265205,0.8155986070958225,0.003798083437833838,0.0,almoço,False
550,0.0,0.0,0.0,0.5153100990670756,0.4846899009329244,0.0,tarde,False
551,0.4372649573530317,0.0,0.0,0.26489915270829895,0.0,0.29783588993866933,manhã,True
552,0.0,1.0,0.0,0.0,0.0,0.0,noite,False
553,0.14120699290563812,0.042248799003554736,0.0933721640313598,0.0,0.38819313038891495,0.33497891367053245,madrugada,True
554,0.0,0.6158080817486904,0.0,0.0,0.0,0.38419191825130966,manhã,False
555,0.0,0.18872857889775016,0.0,0.05732605224075089,0.4547875382711063,0.2991578305903928,madrugada,False
556,0.0,0.2203347097610698,0.29054021312299216,0.44739971857044325,0.041725358545494785,0.0,manhã,False
557,0.0,0.0,0.5021400850989424,0.3701024643263881,0.0,0.12775745057466964,manhã,False
558,0.0,0.27477779417937137,0.24153464540526354,0.13093885690759102,0.2006334402456925,0.15211526326208166,madrugada,False
559,0.6322038668514973,0.2860013779816509,0.0817947551668518,0.0,0.0,0.0,almoço,True
560,0.0,0.04369627784161189,0.8304594886307479,0.1258442335276403,0.0,0.0,madrugada,False
561,0.0,1.0,0.0,0.0,0.0,0.0,jantar,False
562,0.0,0.0,0.0,0.0,0.0,1.0,almoço,True
563,0.0,0.21278628361224886,0.0,0.378078844535442,0.3549761766304173,0.05415869522189187,almoço,True
564,0.0,0.2326676979493197,0.12650636579110275,0.6408259362595775,0.0,0.0,jantar,False
565,0.07373661460432802,0.0,0.0009423640628490919,0.4663179488326834,0.0,0.4590030725001395,jantar,True
566,0.0,0.0,0.0,1.0,0.0,0.0,noite,False
567,0.0,0.5972963847952514,0.07121552781250436,0.3286815777001775,0.0028065096920666206,0.0,almoço,False
568,0.44583521854165675,0.0,0.0,0.08949080580280952,0.4646739756555337,0.0,tarde,True
569,0.38330328864021096,0.0,0.16889664708662855,0.0009176546519018236,0.39247579962205126,0.05440660999920732,manhã,True
570,0.0,0.4708757941941778,0.0,0.0,0.5291242058058222,0.0,tarde,False
571,0.24889844127224758,0.0,0.0,0.7511015587277524,0.0,0.0,tarde,False
572,0.0,0.5029414491114936,0.12280492882536014,0.07336842708408971,0.3008851949790566,0.0,tarde,False
573,0.0,0.0,0.0,1.0,0.0,0.0,jantar,False
574,0.039490240413805715,0.0,0.007541622073125192,0.572987790166434,0.10108578372281173,0.27889456362382337,noite,True
575,0.0,0.0,0.29742125322380725,0.0,0.0,0.7025787467761928,madrugada,True
576,0.18420089658309477,0.23949322813236948,0.008090764503730153,0.5682151107808056,0.0,0.0,madrugada,False
577,0.0,0.0,0.1953754525565671,0.0016114263342645976,0.2640355760019574,0.538977545107211,almoço,True
578,0.0,0.5293293789513228,0.0,0.4433753687502388,0.02729525229843842,0.0,jantar,False
579,0.0,0.0,0.0,1.0,0.0,0.0,noite,False
580,0.2619579170496501,0.0,0.6582563979209044,0.0,0.07978568502944548,0.0,noite,True
581,0.0,0.4079325953735932,0.0,0.0,0.0,0.5920674046264068,noite,False
582,0.12164675808226362,0.4260177853307854,0.0,0.06931186230654826,0.0,0.38302359428040283,noite,True
583,0.030172313415920218,0.012254937995872288,0.09395242752159913,0.40178357687897076,0.0,0.46183674418763754,madrugada,True
584,0.0,0.11878590797215477,0.5653139564982363,0.0,0.06900521403872492,0.246894921490884,manhã,False
585,0.0,0.0,0.0,0.25739111833948,0.39499957418733533,0.3476093074731847,manhã,False
586,0.48646472387577644,0.03054542925711812,0.08835944100160519,0.0,0.13465198107978807,0.2599784247857123,jantar,True
587,0.0,0.16920722230623925,0.0,0.19734649277514713,0.07889773643326188,0.5545485484853517,almoço,True
588,0.3223221260279648,0.3437393564514864,0.18644672458748188,0.1474917929330669,0.0,0.0,almoço,False
589,0.5573235678878813,0.0,0.0,0.0,0.4426764321121187,0.0,madrugada,True
590,0.41057346109686244,0.0,0.0,0.33986304598556905,0.2495634929175685,0.0,jantar,True
591,0.3498508941571503,0.4654177226282992,0.16270118780278087,0.0,0.022030195411769593,0.0,almoço,False
592,0.144096496489084,0.0,0.0,0.11167144351397058,0.5471653369338328,0.19706672306311251,jantar,True
593,0.0,0.07084426077398494,0.22539106327827538,0.3361304909722954,0.25441530803483764,0.11321887694060666,almoço,False
594,0.16666666666666666,0.16666666666666666,0.16666666666666666,0.16666666666666666,0.16666666666666666,0.16666666666666666,madrugada,False
595,0.0,0.0,0.0,0.18849471320269418,0.8115052867973059,0.0,tarde,True
596,0.1394051808208853,0.5114642309883859,0.0,0.12508629752047132,0.037796166722463095,0.18624812394779441,manhã,False
597,0.0,0.0,0.12357454136776418,0.7639968722233305,0.11242858640890534,0.0,jantar,True
598,0.0,0.0,0.2639489131498441,0.0,0.0,0.736051086850156,noite,True
599,0.42410864648743735,0.0,0.13495296986212094,0.0,0.06299048559992537,0.3779478980505164,madrugada,True
600,0.8390347318456318,0.16096526815436807,0.0,0.0,0.0,0.0,almoço,True
601,0.5417924908010819,0.18981240274682196,0.0,0.0,0.0,0.268395106452096,jantar,True
602,0.20496267469664703,0.0,0.0,0.4211384249351216,0.23032240630583733,0.1435764940623941,tarde,False
603,0.0,0.2846072917339507,0.0,0.47179963899527905,0.0,0.24359306927077018,tarde,False
604,0.22327269109111214,0.0,0.0,0.42206538714981257,0.3546619217590753,0.0,manhã,False
605,0.0,0.0,0.0,0.0,1.0,0.0,madrugada,True
606,0.27621124070724407,0.3327194909785743,0.0,0.38552401658300683,0.0055452517311747425,0.0,jantar,False
607,0.038790695309274974,0.5657383375831438,0.0,0.0,0.17807271288928855,0.21739825421829256,jantar,False
608,0.0,0.14367362399267466,0.08586619419506633,0.0,0.6412588456895956,0.1292013361226634,almoço,True
609,0.0,0.0,0.2797625067464891,0.02773679388281883,0.692500699370692,0.0,noite,True
610,0.0,0.0,1.0,0.0,0.0,0.0,tarde,False
611,0.0,0.0,0.0,1.0,0.0,0.0,noite,False
612,0.0,0.0,0.1398314888317832,0.8601685111682169,0.0,0.0,tarde,False
613,0.0,0.0,0.07088370657207517,0.6915768978746142,0.2375393955533105,0.0,almoço,False
614,0.1921392446407032,0.0,0.0,0.0,0.0,0.8078607553592969,manhã,True
615,0.4324363206401364,0.2770144823712828,0.0,0.14705493170866082,0.1434942652799201,0.0,jantar,True
616,0.2439829452824524,0.0,0.0,0.09046631464783225,0.0,0.6655507400697153,tarde,True
617,0.45297778404138506,0.0,0.0,0.13069173970206957,0.0,0.4163304762565454,tarde,True
618,0.0,0.48573667755791106,0.0,0.32325794032580984,0.0,0.19100538211627896,jantar,False
619,0.4443526098934344,0.0,0.05846481163970851,0.27732428123088987,0.14030532120672365,0.0795529760292436,manhã,True
620,0.0,0.0,0.20623190111217546,0.0,0.0,0.7937680988878244,tarde,False
621,0.0,0.21001895342367816,0.7899810465763218,0.0,0.0,0.0,noite,False
622,0.6264178107498841,0.0,0.0,0.0,0.0,0.3735821892501159,almoço,True
623,0.45655711317763326,0.15307666372469242,0.0,0.3027949293471737,0.08757129375050073,0.0,manhã,True
624,0.0,0.40691218139081986,0.08672014148221696,0.0,0.22068692673404747,0.2856807503929157,noite,False
625,0.0,0.23434961126543882,0.0,0.3469112885128869,0.4187391002216744,0.0,tarde,False
626,0.1298443334781767,0.0,0.0,0.0,0.0,0.8701556665218234,manhã,True
627,0.0,0.10036454317546811,0.0,0.0,0.39530556008657347,0.5043298967379586,jantar,True
628,0.3217593207664016,0.4045333136176726,0.0,0.0,0.27370736561592574,0.0,madrugada,True
629,0.28380540089773676,0.12192046840639237,0.3760247153964895,0.2182494152993814,0.0,0.0,manhã,False
630,0.24877003983123328,0.6476831136637415,0.0,0.00788323227256087,0.09566361423246429,0.0,madrugada,False
631,0.22769451106509975,0.0,0.0,0.7723054889349001,0.0,0.0,tarde,False
632,0.24511777198229218,0.3252472835288436,0.42963494448886425,0.0,0.0,0.0,almoço,False
633,0.0,1.0,0.0,0.0,0.0,0.0,noite,False
634,0.0,0.0,0.0,0.0,0.6774251559275506,0.3225748440724494,jantar,True
635,1.0,0.0,0.0,0.0,0.0,0.0,manhã,True
636,0.0,0.0,0.0,0.0,1.0,0.0,almoço,True
637,0.35634944892487846,0.0,0.028179194943493295,0.0,0.6154713561316282,0.0,almoço,True
638,0.5929493658153,0.2954527116240901,0.0,0.0,0.11159792256060984,0.0,noite,True
639,0.0,0.5182612426121892,0.062258913666145416,0.30008313077413185,0.1193967129475336,0.0,manhã,False
640,0.45367715571289374,0.38211573025011286,0.0,0.1642071140369934,0.0,0.0,manhã,True
641,0.0,0.29297256393947685,0.1773520476699612,0.10145704431036218,0.0,0.4282183440801998,noite,True
642,0.41929132452894224,0.0,0.19170215360521398,0.0,0.19674480598243374,0.19226171588340998,almoço,True
643,0.0,0.4228112402226241,0.0462631265143468,0.217983231059007,0.3129424022040219,0.0,manhã,False
644,0.0,0.24788120446605025,0.30774218638621265,0.0,0.44437660914773713,0.0,jantar,False
645,0.5507081214201964,0.4492918785798037,0.0,0.0,0.0,0.0,madrugada,True
646,0.0,0.01590789836333792,0.5420261433952681,0.0,0.1341226274080632,0.3079433308333309,tarde,False
647,0.9152255277468107,0.0,0.0,0.0,0.08477447225318936,0.0,manhã,True
648,0.1312479685584358,0.0,0.2254742293262707,0.0,0.0,0.6432778021152935,jantar,True
649,0.010162990822791344,0.1954277392855024,0.0,0.0,0.2410914203168681,0.5533178495748381,almoço,True
650,0.16666666666666666,0.16666666666666666,0.16666666666666666,0.16666666666666666,0.16666666666666666,0.16666666666666666,noite,True
651,0.20689188662494196,0.40382424507842685,0.16267168569787557,0.21168827295907564,0.014923909639679999,0.0,jantar,False
652,0.0,0.0,0.4721582356506791,0.0,0.5278417643493208,0.0,jantar,False
653,0.0,0.0,0.45145844186146633,0.5485415581385338,0.0,0.0,manhã,False
654,0.3204953728713633,0.0,0.03816104199763282,0.0,0.0,0.641343585131004,noite,True
655,0.0,0.0,0.07011161241532204,0.3699165291994185,0.5599718583852595,0.0,noite,True
656,0.0711064946273357,0.17398389438837647,0.2074973154760842,0.0,0.5474122955082036,0.0,jantar,False
657,1.0,0.0,0.0,0.0,0.0,0.0,jantar,True
658,0.0,0.5879854397581106,0.0,0.0,0.4120145602418895,0.0,almoço,False
659,0.0,0.0,0.0,0.0,1.0,0.0,madrugada,True
660,0.0,0.0,0.26891689306449007,0.31971326082637075,0.0,0.4113698461091392,madrugada,True
661,0.2592699426956448,0.0,0.0,0.43029077635375623,0.3029733217117162,0.00746595923888276,manhã,False
662,0.11186093233027017,0.4713272194377881,0.1122062961862847,0.0,0.30460555204565715,0.0,noite,True
663,0.24356651093340742,0.16082623557122447,0.21798493324524687,0.37762232025012127,0.0,0.0,tarde,False
664,0.6069436378869376,0.30451881476296644,0.05525302702077737,0.0,0.0332845203293185,0.0,jantar,True
665,0.0,0.5560534704246344,0.06299176065638916,0.0,0.3809547689189765,0.0,madrugada,False
666,0.3060976958488334,0.0,0.27127116613971064,0.0,0.10550072090721267,0.3171304171042433,tarde,True
667,0.0931564455648211,0.39052358230933665,0.0,0.24299649799443626,0.010441749034203794,0.26288172509720215,madrugada,True
668,0.8507944673793014,0.0,0.0,0.0,0.14920553262069852,0.0,jantar,True
669,0.0,0.440001217482707,0.07768368430005892,0.0,0.0,0.4823150982172342,madrugada,False
670,0.0,0.0,0.0,0.07188470843420391,0.1936792889391159,0.7344360026266802,madrugada,True
671,0.14499238312315543,0.0,0.3293596133509355,0.0,0.11420360076806567,0.4114444027578434,noite,False
672,0.33527028003252324,0.2524185525760356,0.0,0.0,0.0,0.4123111673914412,manhã,False
673,0.3201880660329001,0.099450704400306,0.3025887056965214,0.0,0.24158769804013966,0.03618482583013287,tarde,False
674,0.0,0.09104853991391493,0.1871426505549339,0.31582582534505416,0.13956836045882842,0.26641462372726865,almoço,False
675,0.16666666666666666,0.16666666666666666,0.16666666666666666,0.16666666666666666,0.16666666666666666,0.16666666666666666,noite,True
676,0.6826270160953827,0.0,0.11607114715670235,0.06783259976292141,0.13346923698499352,0.0,tarde,True
677,0.6358601450925182,0.0,0.0,0.3641398549074818,0.0,0.0,jantar,True
678,0.0,0.5658080503160348,0.0,0.0,0.0,0.4341919496839652,madrugada,True
679,0.0,1.0,0.0,0.0,0.0,0.0,manhã,False
680,0.0,0.0,0.0,0.0,0.0,1.0,jantar,True
681,0.0,0.0,1.0,0.0,0.0,0.0,manhã,False
682,0.14623873422683506,0.07605227745763579,0.10126594534484266,0.40928939428780203,0.2671536486828845,0.0,jantar,False
683,0.0,0.0,0.0,0.0,0.0,1.0,tarde,True
684,0.0,0.0,0.0,0.735505742051796,0.264494257948204,0.0,almoço,False
685,0.04470698561490574,0.3913502186131145,0.0,0.5639427957719797,0.0,0.0,jantar,False
686,0.0,0.0,0.9217898800399942,0.07821011996000574,0.0,0.0,tarde,True
687,0.3528834610246672,0.0,0.4410246822069762,0.19613105704891376,0.0,0.00996079971944279,madrugada,False
688,0.0,0.055596355140174095,0.0,0.4761706415776733,0.0,0.46823300328215256,tarde,True
689,0.8358784779642071,0.1641215220357928,0.0,0.0,0.0,0.0,jantar,True
690,0.5961084655933512,0.40389153440664877,0.0,0.0,0.0,0.0,almoço,True
691,0.28146203722975555,0.1389970515255661,0.0,0.05798439595848819,0.04081239187454435,0.48074412341164585,madrugada,True
692,0.0,0.0,0.28983450767743774,0.0,0.7101654923225623,0.0,manhã,True
693,0.009399933914740243,0.18060860652111269,0.28437777690768995,0.23085224118532183,0.0,0.2947614414711353,tarde,True
694,0.0,0.0,0.2322438974712047,0.7677561025287953,0.0,0.0,tarde,False
695,0.26210540862413595,0.0,0.3982546688319961,0.0,0.13886589161605045,0.20077403092781745,tarde,True
696,0.43949683696084696,0.127086131687375,0.02772883705913109,0.0,0.0,0.40568819429264685,tarde,True
697,0.22014721502902374,0.0,0.1151492543630052,0.08363958265055783,0.5810639479574131,0.0,jantar,True
698,0.0,0.0,0.0,0.2586471130864251,0.0,0.7413528869135749,manhã,True
699,0.0,0.6041210734449685,0.16450942862817108,0.1017571276532982,0.0,0.1296123702735622,jantar,False
